{"_wandb":{"runtime":29},"_runtime":29,"learning_rate":2.5653383040524227e-06,"step":31,"_timestamp":1.7585574049833872e+09,"_step":31,"loss":6.0434160232543945}