{"_runtime":169,"step":31,"_timestamp":1.758556746090047e+09,"_step":31,"loss":6.041250228881836,"learning_rate":2.5653383040524227e-06,"_wandb":{"runtime":169}}