{"_timestamp":1.7585571299409077e+09,"_step":31,"_wandb":{"runtime":28},"_runtime":28,"loss":6.040643215179443,"learning_rate":2.5653383040524227e-06,"step":31}